Name,Email,Phone,Location,Profile URL
M20 X Mechanical Engraving Machine,N/A,N/A,N/A,https://www.europages.co.uk/en/company/gravotech-20774041/products/machine-de-gravure-mecanique-m20-x-35395189
"ZEO V126 Textile - Anti-grease cleaning booster , natural, powerful stain remover",N/A,N/A,N/A,https://www.europages.co.uk/en/company/zeo-tec-hellas-group-22277599/products/zeo-v126-textile-anti-grease-cleaning-booster-natural-powerful-stain-remover-35975436
SEWING MACHINE FPMP 82 ROBUST - Bags sewing machine with electrical supply or battery. For heavy thickness,N/A,N/A,N/A,https://www.europages.co.uk/en/company/ferplast-snc-22233667/products/sewing-machine-fpmp-82-robust-bags-sewing-machine-with-electrical-supply-or-battery-for-heavy-thickness-35351742
"STARCREST SIM-1024BK Ice Cube Maker, Capacity 10Kg/24h, Two Sizes - Small Appliances",N/A,N/A,N/A,https://www.europages.co.uk/en/company/bia-si-com-srl-22277421/products/fabricator-de-cuburi-de-ghea-starcrest-sim-1024bk-capacitate-10kg24h-dou-dimensiuni-aparate-mici-35840043
R-Pro 25 Standing Seam Profiling Machine,N/A,N/A,N/A,https://www.europages.co.uk/en/company/reis-standing-seam-technologies-22279192/products/r-pro-25-standing-seam-profiling-machine-35953424
BIA SI COM SRL,N/A,N/A,N/A,https://www.europages.co.uk/en/company/bia-si-com-srl-22277421
Asco I-series Technology,N/A,N/A,N/A,https://www.europages.co.uk/en/company/asco-carbon-dioxide-ltd-22190731/products/asco-i-series-technology-35445377
CNC Drilling Center,N/A,N/A,N/A,https://www.europages.co.uk/en/company/assister-tech-solutions-srl-22275509/products/centro-di-foratura-cnc-35881078
Machine Parts Casting,N/A,N/A,N/A,https://www.europages.co.uk/en/company/tema-metalurji-san-tic-ltd-sti-22253582/products/machine-parts-casting-36022918
Machine control,N/A,N/A,N/A,https://www.europages.co.uk/en/company/livan-pleksi-22216548/products/machine-control-35347420
Paper Crumpling Machine - Serwo GmbH,N/A,N/A,N/A,https://www.europages.co.uk/en/company/serwo-gmbh-22146106/products/papierknuellmaschine-serwo-gmbh-35789837
Integration on milling machine,N/A,N/A,N/A,https://www.europages.co.uk/en/company/bas-machinebouw-22275974/products/integration-on-milling-machine-35288521
Machine Stretch Film - Serwo GmbH,N/A,N/A,N/A,https://www.europages.co.uk/en/company/serwo-gmbh-22146106/products/maschinenstretchfolie-serwo-gmbh-35761008
ZEO TEC HELLAS GROUP,N/A,N/A,N/A,https://www.europages.co.uk/en/company/zeo-tec-hellas-group-22277599
Panel mold,N/A,N/A,N/A,https://www.europages.co.uk/en/company/bas-machinebouw-22275974/products/panel-mold-35485455
BalÄ±kesir Havran Steel Construction Pedestrian Overpass Construction Work,N/A,N/A,N/A,https://www.europages.co.uk/en/company/bozkir-machinery-steel-construction-22265163/products/balkesir-havran-steel-construction-pedestrian-overpass-construction-work-35851875
Automatic packing machine for large parcels,N/A,N/A,N/A,https://www.europages.co.uk/en/company/inatech-packaging-22272897/products/automatic-packing-machine-for-large-parcels-35854416
Industrial Machine Guards - Custom Guards for the Safety and Proper Maintenance of Your Machinery,N/A,N/A,N/A,https://www.europages.co.uk/en/company/induplast-plasticos-de-ingenieria-22143810/products/protecciones-para-maquinas-industriales-protecciones-a-medida-para-la-seguridad-y-buena-conservacion-de-su-maquinaria-35694142
MICROFIBER CAR DRYING TOWEL VENDING MACHINE - 0612090P,N/A,N/A,N/A,https://www.europages.co.uk/en/company/rulomatik-20135179/products/microfiber-car-drying-towel-vending-machine-0612090p-35367247
Air 3 Bubble Wrap Machine - Serwo GmbH,N/A,N/A,N/A,https://www.europages.co.uk/en/company/serwo-gmbh-22146106/products/luftpolstermaschine-air-3-serwo-gmbh-35638405
Triplex Extruder Machine - Good quality triple screw extruder machine with optimum price range.,N/A,N/A,N/A,https://www.europages.co.uk/en/company/technic-machines-22245963/products/triplex-extruder-machine-good-quality-triple-screw-extruder-machine-with-optimum-price-range-35442748
Comfy Nest CN-BLD5: 1000W Multi-Functional Food Processor - 5L,N/A,N/A,N/A,https://www.europages.co.uk/en/company/msy-invest-bv-22267824/products/comfy-nest-cn-bld5-1000w-multi-functional-food-processor-5l-35975709
Neutral laundry liquid. 2L bottle. Measuring cap - Body care,N/A,N/A,N/A,https://www.europages.co.uk/en/company/sysap-industries-22137664/products/liquide-lessive-neutre-bouteille-de-2l-couvercle-doseur-soins-corporels-35657390
Spare Parts for Construction Machinery,N/A,N/A,N/A,https://www.europages.co.uk/en/company/tema-metalurji-san-tic-ltd-sti-22253582/products/spare-parts-for-construction-machinery-35645519
Herzberg HG-03299:Washing Machine Storage Shelf with Towel - Home and Living,N/A,N/A,N/A,https://www.europages.co.uk/en/company/msy-invest-bv-22267824/products/herzberg-hg-03299washing-machine-storage-shelf-with-towel-home-and-living-35301713
Coil Feeder Machine - Good quality coil feeder machine system with optimum prices.,N/A,N/A,N/A,https://www.europages.co.uk/en/company/technic-machines-22245963/products/coil-feeder-machine-good-quality-coil-feeder-machine-system-with-optimum-prices-35508073
Valve Grinding Machine,N/A,N/A,N/A,https://www.europages.co.uk/en/company/wespy-industrial-parts-washing-machines-22203504/products/valve-grinding-machine-35697628
R-Pro 25 Standing Seam Profiling Machine,N/A,N/A,N/A,https://www.europages.co.uk/en/company/reis-standing-seam-technologies-22279192/products/r-pro-25-standing-seam-profiling-machine-35953500
Car Drying Towel Vending Machine - 0612091P,N/A,N/A,N/A,https://www.europages.co.uk/en/company/rulomatik-20135179/products/car-drying-towel-vending-machine-0612091p-35631599
Hand Cleaner. Plant-based Soap. Hydroalcoholic. Pineapple Scent - Body Care,N/A,N/A,N/A,https://www.europages.co.uk/en/company/sysap-industries-22137664/products/nettoyant-pour-les-mains-savon-vegetal-hydroalcoolique-parfum-dananas-soins-corporels-35397083
